date,station,deployment,has_data,data_start,data_end,missing_start,missing_end,n_points,expected_npts,is_full,n_gaps,n_segments,gap_total_duration_s,gap_max_missing,gap_total_missing,sp_calc,sp_fit,sp_nominal,sp_deviation,sp_fit_deviation,sp_calc_minus_fit,sp_alert,jitter_mean_ms,jitter_median_ms,jitter_std_ms,jitter_p95_ms,jitter_max_ms,res_std_ms,res_p95_ms,skewness,figure_generated
2025-01-01,RS01SLBS-MJ01A-06-PRESTA101,2,True,2025-01-01T00:00:00Z,2025-01-01T23:59:59Z,False,False,86400,86357,True,0,1,0.0,0,0,1.000494,1.0,1.0,0.000494,0.0,0.000494,False,1.6777,0.2923,3.2398,12.4466,25.3959,3.1017,4.9671,1.9551,False
2025-01-02,RS01SLBS-MJ01A-06-PRESTA101,2,True,2025-01-02T00:00:00Z,2025-01-02T23:59:59Z,False,False,86400,86357,True,0,1,0.0,0,0,1.000494,1.0,1.0,0.000494,0.0,0.000494,False,1.6818,0.2947,3.2389,12.456,27.2322,2.8003,4.0289,2.6374,False
2025-01-03,RS01SLBS-MJ01A-06-PRESTA101,2,False,,,,,0,0,False,0,0,,,,,,1.0,,,,False,,,,,,,,,False
2025-01-04,RS01SLBS-MJ01A-06-PRESTA101,2,True,2025-01-04T00:00:00Z,2025-01-04T23:59:59Z,False,False,86400,86357,True,0,1,0.0,0,0,1.000495,1.0,1.0,0.000495,0.0,0.000495,False,1.6832,0.2918,3.2428,12.464,20.3605,2.8105,4.0596,2.627,False
2025-01-05,RS01SLBS-MJ01A-06-PRESTA101,2,True,2025-01-05T00:00:00Z,2025-01-05T23:59:59Z,False,False,86400,86357,True,0,1,0.0,0,0,1.000494,1.0,1.0,0.000494,0.0,0.000494,False,1.693,0.2961,3.2492,12.4459,20.3891,2.8648,4.2357,2.4982,False
2025-01-06,RS01SLBS-MJ01A-06-PRESTA101,2,True,2025-01-06T00:00:00Z,2025-01-06T23:59:59Z,False,False,86400,86358,True,0,1,0.0,0,0,1.000491,1.0,1.0,0.000491,0.0,0.00049,False,1.6845,0.2933,3.2478,12.4679,24.5619,2.8875,4.3257,2.4179,False
2025-01-07,RS01SLBS-MJ01A-06-PRESTA101,2,True,2025-01-07T00:00:00Z,2025-01-07T23:59:59Z,False,False,86400,86358,True,0,1,0.0,0,0,1.000491,1.0,1.0,0.000491,0.0,0.000491,False,1.6937,0.2956,3.2586,12.4684,27.0581,2.8633,4.2304,2.5247,False
2025-01-08,RS01SLBS-MJ01A-06-PRESTA101,2,True,2025-01-08T00:00:00Z,2025-01-08T23:59:59Z,False,False,85388,86357,False,1,2,1013.0,1011,1011,1.000495,1.008863,1.0,0.000495,0.008863,-0.008368,False,1.6895,0.2937,3.2593,12.4829,23.84,2.9242,4.4763,2.3435,True
2025-01-09,RS01SLBS-MJ01A-06-PRESTA101,2,True,2025-01-09T00:00:00Z,2025-01-09T23:59:59Z,False,False,86400,86357,True,0,1,0.0,0,0,1.000495,1.0,1.0,0.000495,0.0,0.000495,False,1.6821,0.2947,3.241,12.4517,23.9391,2.8231,4.1095,2.5857,False
2025-01-10,RS01SLBS-MJ01A-06-PRESTA101,2,True,2025-01-10T00:00:00Z,2025-01-10T23:59:59Z,False,False,86400,86358,True,0,1,0.0,0,0,1.000492,1.0,1.0,0.000492,0.0,0.000492,False,1.6799,0.2971,3.245,12.4665,20.6118,2.8421,4.1583,2.5495,False
2025-01-11,RS01SLBS-MJ01A-06-PRESTA101,2,True,2025-01-11T00:00:00Z,2025-01-11T23:59:59Z,False,False,86400,86358,True,0,1,0.0,0,0,1.000492,1.0,1.0,0.000492,0.0,0.000491,False,1.6821,0.2937,3.2446,12.476,22.6555,2.8071,4.0321,2.6697,False
2025-01-12,RS01SLBS-MJ01A-06-PRESTA101,2,True,2025-01-12T00:00:00Z,2025-01-12T23:59:59Z,False,False,86400,86358,True,0,1,0.0,0,0,1.00049,1.0,1.0,0.00049,0.0,0.00049,False,1.6832,0.2961,3.2517,12.4684,23.982,2.7925,3.9654,2.7065,False
2025-01-13,RS01SLBS-MJ01A-06-PRESTA101,2,True,2025-01-13T00:00:00Z,2025-01-13T23:59:59Z,False,False,86400,86358,True,0,1,0.0,0,0,1.000491,1.0,1.0,0.000491,0.0,0.000491,False,1.6816,0.2952,3.2456,12.4708,20.5269,2.8215,4.107,2.5789,False
2025-01-14,RS01SLBS-MJ01A-06-PRESTA101,2,True,2025-01-14T00:00:00Z,2025-01-14T23:59:59Z,False,False,86272,86358,True,1,2,129.0,128,128,1.000492,1.00071,1.0,0.000492,0.00071,-0.000218,False,1.6729,0.2999,3.2484,12.4608,20.5612,2.9088,4.4149,2.3726,True
2025-01-15,RS01SLBS-MJ01A-06-PRESTA101,2,True,2025-01-15T00:00:00Z,2025-01-15T23:59:59Z,False,False,86400,86361,True,0,1,0.0,0,0,1.000455,1.0,1.0,0.000455,0.0,0.000455,False,1.5766,0.3362,3.3029,12.5547,22.975,3.1051,5.0831,2.0512,False
2025-01-16,RS01SLBS-MJ01A-06-PRESTA101,2,False,,,,,0,0,False,0,0,,,,,,1.0,,,,False,,,,,,,,,False
2025-01-17,RS01SLBS-MJ01A-06-PRESTA101,2,True,2025-01-17T00:00:00Z,2025-01-17T23:59:59Z,False,False,86400,86360,True,0,1,0.0,0,0,1.000459,1.0,1.0,0.000459,0.0,0.000458,False,1.5843,0.339,3.2972,12.5618,25.5198,2.8563,4.1818,2.5496,False
2025-01-18,RS01SLBS-MJ01A-06-PRESTA101,2,True,2025-01-18T00:00:00Z,2025-01-18T23:59:59Z,False,False,86400,86360,True,0,1,0.0,0,0,1.000461,1.0,1.0,0.000461,0.0,0.000461,False,1.5794,0.3371,3.2805,12.5322,23.9782,2.8349,4.1604,2.5526,False
2025-01-19,RS01SLBS-MJ01A-06-PRESTA101,2,True,2025-01-19T00:00:00Z,2025-01-19T23:59:59Z,False,False,86400,86360,True,0,1,0.0,0,0,1.000458,1.0,1.0,0.000458,0.0,0.000458,False,1.5805,0.3371,3.2877,12.5222,27.2951,2.9251,4.5031,2.3727,False
2025-01-20,RS01SLBS-MJ01A-06-PRESTA101,2,True,2025-01-20T00:00:00Z,2025-01-20T23:59:59Z,False,False,86400,86360,True,0,1,0.0,0,0,1.000459,1.0,1.0,0.000459,0.0,0.000459,False,1.5766,0.3343,3.2929,12.5341,26.5236,2.91,4.3905,2.3921,False
2025-01-21,RS01SLBS-MJ01A-06-PRESTA101,2,True,2025-01-21T00:00:00Z,2025-01-21T23:59:59Z,False,False,86397,86354,True,0,1,0.0,0,0,1.000518,1.000011,1.0,0.000518,1.1e-05,0.000506,False,1.5741,0.298,3.3009,12.547,23.6473,493.8149,1387.2259,1.7465,False
2025-01-22,RS01SLBS-MJ01A-06-PRESTA101,2,True,2025-01-22T00:00:00Z,2025-01-22T23:59:59Z,False,False,86400,86352,True,0,1,0.0,0,0,1.00055,1.0,1.0,0.00055,0.0,0.00055,False,1.5765,0.2799,3.2938,12.5508,26.9837,3.3567,5.5025,1.5648,False
2025-01-23,RS01SLBS-MJ01A-06-PRESTA101,2,True,2025-01-23T00:00:00Z,2025-01-23T23:59:59Z,False,False,86400,86352,True,0,1,0.0,0,0,1.000552,1.0,1.0,0.000552,0.0,0.000552,False,1.581,0.2775,3.2977,12.568,26.3691,3.1395,5.1616,1.912,False
2025-01-24,RS01SLBS-MJ01A-06-PRESTA101,2,True,2025-01-24T00:00:00Z,2025-01-24T23:59:59Z,False,False,85238,86353,False,3,4,1165.01,645,1162,1.000544,1.009171,1.0,0.000544,0.009171,-0.008628,False,1.5791,0.2789,3.3123,12.5725,24.3335,2.8812,4.3057,2.478,True
2025-01-25,RS01SLBS-MJ01A-06-PRESTA101,2,True,2025-01-25T00:00:00Z,2025-01-25T23:59:59Z,False,False,84396,86353,False,37,38,2040.98,254,2004,1.000546,1.027929,1.0,0.000546,0.027929,-0.027383,False,1.5724,0.2775,3.2988,12.5451,33.9527,3.8766,5.5988,-1.8315,True
2025-01-26,RS01SLBS-MJ01A-06-PRESTA101,2,True,2025-01-26T00:00:00Z,2025-01-26T23:59:59Z,False,False,86400,86354,True,0,1,0.0,0,0,1.000538,1.0,1.0,0.000538,0.0,0.000538,False,1.5727,0.2761,3.7082,12.5523,346.9014,58.3277,12.6773,-11.533,False
2025-01-27,RS01SLBS-MJ01A-06-PRESTA101,2,True,2025-01-27T00:00:00Z,2025-01-27T23:59:59Z,False,False,86400,86353,True,0,1,0.0,0,0,1.000549,1.0,1.0,0.000549,0.0,0.000549,False,1.5748,0.2775,3.3002,12.5547,20.6141,2.8611,4.284,2.4555,False
2025-01-28,RS01SLBS-MJ01A-06-PRESTA101,2,True,2025-01-28T00:00:00Z,2025-01-28T23:59:59Z,False,False,86400,86359,True,0,1,0.0,0,0,1.000472,1.0,1.0,0.000472,0.0,0.000472,False,1.6613,0.3328,3.2528,12.507,25.2299,2.9735,4.6904,2.174,False
2025-01-29,RS01SLBS-MJ01A-06-PRESTA101,2,True,2025-01-29T00:00:00Z,2025-01-29T20:24:29Z,False,True,73470,73433,True,0,1,0.0,0,0,1.000498,1.0,1.0,0.000498,0.0,0.000498,False,1.6764,0.2923,3.2437,12.4286,22.6259,3.1567,5.1012,1.8994,False
2025-01-30,RS01SLBS-MJ01A-06-PRESTA101,2,False,,,,,0,0,False,0,0,,,,,,1.0,,,,False,,,,,,,,,False
2025-01-31,RS01SLBS-MJ01A-06-PRESTA101,2,True,2025-01-31T00:00:00Z,2025-01-31T23:59:59Z,False,False,30796,86358,False,1,2,55605.02,55577,55577,1.000491,2.346705,1.0,0.000491,1.346705,-1.346214,False,1.6886,0.2999,3.245,12.3995,20.515,2.7726,3.9859,2.7167,True
